{
    "loss": 21.621238708496094,
    "accuracy": 0.5035971403121948
}