{
    "loss": 20.962413787841797,
    "accuracy": 0.5035971403121948
}